{
  "parent": "minecraft:recipes/root",
  "criteria": {
    "has_iron_block": {
      "conditions": {
        "items": [
          {
            "items": "minecraft:iron_block"
          }
        ]
      },
      "trigger": "minecraft:inventory_changed"
    },
    "has_the_recipe": {
      "conditions": {
        "recipe": "minecraft:lodestone"
      },
      "trigger": "minecraft:recipe_unlocked"
    }
  },
  "requirements": [["has_the_recipe", "has_iron_block"]],
  "rewards": {
    "recipes": ["minecraft:lodestone"]
  }
}
