{
  "type": "minecraft:the_end",
  "generator": {
    "type": "minecraft:noise",
    "biome_source": {
      "type": "minecraft:multi_noise",
      "biomes": [
        {
          "biome": "simplified:end_arena",
          "parameters": {
            "temperature": 0,
            "humidity": 0,
            "continentalness": 0,
            "erosion": 0,
            "weirdness": 0,
            "depth": 0,
            "offset": 0
          }
        },
        {
          "biome": "simplified:end_garden",
          "parameters": {
            "temperature": 0,
            "humidity": 0,
            "continentalness": 0,
            "erosion": 1,
            "weirdness": 0,
            "depth": 0,
            "offset": 0
          }
        }
      ]
    },
    "settings": "minecraft:end"
  }
}
