{
  "aquifers_enabled": false,
  "default_block": {
    "Name": "minecraft:end_stone"
  },
  "default_fluid": {
    "Name": "minecraft:air"
  },
  "disable_mob_generation": true,
  "legacy_random_source": true,
  "noise": {
    "height": 128,
    "min_y": 0,
    "size_horizontal": 2,
    "size_vertical": 1
  },
  "noise_router": {
    "barrier": 0,
    "continents": 0,
    "depth": 0,
    "erosion": "simplified:end/erosion",
    "final_density": "simplified:end/final",
    "fluid_level_floodedness": 0,
    "fluid_level_spread": 0,
    "initial_density_without_jaggedness": 0,
    "lava": 0,
    "ridges": 0,
    "temperature": 0,
    "vegetation": 0,
    "vein_gap": 0,
    "vein_ridged": 0,
    "vein_toggle": 0
  },
  "ore_veins_enabled": false,
  "sea_level": 0,
  "spawn_target": [],
  "surface_rule": {
    "type": "minecraft:sequence",
    "sequence": [
      {
        "type": "minecraft:condition",
        "if_true": {
          "type": "minecraft:stone_depth",
          "offset": -12,
          "surface_type": "floor",
          "add_surface_depth": false,
          "secondary_depth_range": 16
        },
        "then_run": {
          "type": "minecraft:block",
          "result_state": {
            "Name": "minecraft:obsidian"
          }
        }
      },
      {
        "type": "minecraft:condition",
        "if_true": {
          "type": "minecraft:stone_depth",
          "offset": -20,
          "surface_type": "floor",
          "add_surface_depth": false,
          "secondary_depth_range": 32
        },
        "then_run": {
          "type": "minecraft:block",
          "result_state": {
            "Name": "minecraft:blackstone"
          }
        }
      },
      {
        "type": "minecraft:condition",
        "if_true": {
          "type": "minecraft:stone_depth",
          "offset": -32,
          "surface_type": "floor",
          "add_surface_depth": false,
          "secondary_depth_range": 64
        },
        "then_run": {
          "type": "minecraft:block",
          "result_state": {
            "Name": "minecraft:tuff"
          }
        }
      },
      {
        "type": "minecraft:block",
        "result_state": {
          "Name": "minecraft:end_stone"
        }
      }
    ]
  }
}
