{
  "type": "minecraft:cache_2d",
  "argument": {
    "type": "minecraft:add",
    "argument1": -0.6,
    "argument2": {
      "type": "minecraft:mul",
      "argument1": {
        "type": "minecraft:clamp",
        "input": {
          "type": "minecraft:mul",
          "argument1": -0.01,
          "argument2": {
            "type": "minecraft:add",
            "argument1": -1024,
            "argument2": {
              "type": "simplified:distance",
              "distance_type": "chebyshev",
              "scale_y": 0
            }
          }
        },
        "min": 0,
        "max": 1
      },
      "argument2": {
        "type": "minecraft:add",
        "argument1": 0.6,
        "argument2": {
          "type": "minecraft:add",
          "argument1": {
            "type": "minecraft:mul",
            "argument1": 1.2,
            "argument2": {
              "type": "minecraft:shifted_noise",
              "noise": "minecraft:continentalness",
              "shift_x": "minecraft:shift_x",
              "shift_y": 0,
              "shift_z": "minecraft:shift_z",
              "xz_scale": 1,
              "y_scale": 0
            }
          },
          "argument2": {
            "type": "minecraft:mul",
            "argument1": -0.0002,
            "argument2": {
              "type": "minecraft:add",
              "argument1": -512,
              "argument2": {
                "type": "simplified:distance",
                "distance_type": "euclidean",
                "scale_y": 0
              }
            }
          }
        }
      }
    }
  }
}
