{
  "type": "minecraft:cache_2d",
  "argument": {
    "type": "minecraft:add",
    "argument1": {
      "type": "minecraft:min",
      "argument1": 0,
      "argument2": {
        "type": "minecraft:mul",
        "argument1": 0.01,
        "argument2": {
          "type": "minecraft:add",
          "argument1": -256,
          "argument2": {
            "type": "simplified:distance",
            "distance_type": "euclidean",
            "scale_y": 0
          }
        }
      }
    },
    "argument2": {
      "type": "minecraft:shifted_noise",
      "noise": "minecraft:erosion",
      "shift_x": "minecraft:shift_x",
      "shift_y": 0,
      "shift_z": "minecraft:shift_z",
      "xz_scale": 0.5,
      "y_scale": 0
    }
  }
}
