{
  "type": "minecraft:flat_cache",
  "argument": {
    "type": "minecraft:mul",
    "argument1": 0.125,
    "argument2": {
      "type": "minecraft:square",
      "argument": {
        "type": "minecraft:mul",
        "argument1": 4,
        "argument2": {
          "type": "minecraft:shifted_noise",
          "noise": "minecraft:ridge",
          "shift_x": "minecraft:shift_x",
          "shift_y": 0,
          "shift_z": "minecraft:shift_z",
          "xz_scale": 0.3,
          "y_scale": 0
        }
      }
    }
  }
}
