{
  "type": "minecraft:add",
  "argument1": "simplified:end/arena",
  "argument2": {
    "type": "minecraft:mul",
    "argument1": {
      "type": "minecraft:clamp",
      "input": {
        "type": "minecraft:mul",
        "argument1": 0.01,
        "argument2": {
          "type": "simplified:distance",
          "scale_y": 0
        }
      },
      "min": 0,
      "max": 1
    },
    "argument2": {
      "type": "minecraft:add",
      "argument1": {
        "type": "minecraft:mul",
        "argument1": -1,
        "argument2": "simplified:end/arena"
      },
      "argument2": "simplified:end/garden"
    }
  }
}
