{
  "type": "minecraft:add",
  "argument1": {
    "type": "minecraft:add",
    "argument1": {
      "type": "minecraft:mul",
      "argument1": -0.02,
      "argument2": {
        "type": "simplified:distance",
        "origin_y": 64,
        "scale_x": 0,
        "scale_z": 0
      }
    },
    "argument2": {
      "type": "minecraft:add",
      "argument1": 1,
      "argument2": {
        "type": "minecraft:mul",
        "argument1": -0.006,
        "argument2": {
          "type": "simplified:distance",
          "scale_y": 0
        }
      }
    }
  },
  "argument2": {
    "type": "minecraft:add",
    "argument1": {
      "type": "minecraft:noise",
      "noise": "minecraft:surface",
      "y_scale": 2.5,
      "xz_scale": 0.7
    },
    "argument2": {
      "type": "minecraft:max",
      "argument1": 0,
      "argument2": {
        "type": "minecraft:mul",
        "argument1": 1.4,
        "argument2": {
          "type": "minecraft:add",
          "argument1": -0.3,
          "argument2": {
            "type": "minecraft:noise",
            "noise": "minecraft:surface",
            "y_scale": 0.2,
            "xz_scale": 2.5
          }
        }
      }
    }
  }
}
