{
  "carvers": [],
  "downfall": 0.5,
  "effects": {
    "fog_color": 0,
    "music_volume": 1,
    "sky_color": 0,
    "water_color": 4159204,
    "water_fog_color": 329011
  },
  "features": [
    [],
    [],
    [],
    [],
    ["minecraft:end_spike"],
    [],
    [],
    [],
    [],
    [],
    ["minecraft:end_platform", "minecraft:chorus_plant", "simplified:end/dead_tree"]
  ],
  "has_precipitation": false,
  "spawn_costs": {},
  "spawners": {
    "ambient": [],
    "axolotls": [],
    "creature": [],
    "misc": [],
    "monster": [],
    "underground_water_creature": [],
    "water_ambient": [],
    "water_creature": []
  },
  "temperature": 0.5
}
