{
  "carvers": [],
  "downfall": 0,
  "effects": {
    "additions_sound": {
      "sound": "minecraft:ambient.nether_wastes.additions",
      "tick_chance": 0.0111
    },
    "ambient_sound": "minecraft:ambient.nether_wastes.loop",
    "fog_color": 3344392,
    "mood_sound": {
      "block_search_extent": 8,
      "offset": 2,
      "sound": "minecraft:ambient.nether_wastes.mood",
      "tick_delay": 6000
    },
    "music": [
      {
        "data": {
          "max_delay": 24000,
          "min_delay": 12000,
          "replace_current_music": false,
          "sound": "minecraft:music.nether.nether_wastes"
        },
        "weight": 1
      }
    ],
    "music_volume": 1,
    "sky_color": 7254527,
    "water_color": 4159204,
    "water_fog_color": 329011
  },
  "features": [],
  "has_precipitation": false,
  "spawn_costs": {},
  "spawners": {},
  "temperature": 2
}
