{
  "type": "minecraft:cache_2d",
  "argument": {
    "type": "minecraft:max",
    "argument1": 0,
    "argument2": {
      "type": "minecraft:add",
      "argument1": 1,
      "argument2": {
        "type": "minecraft:mul",
        "argument1": 0.02,
        "argument2": {
          "type": "minecraft:add",
          "argument1": -512,
          "argument2": {
            "type": "simplified:distance",
            "distance_type": "chebyshev",
            "scale_y": 0
          }
        }
      }
    }
  }
}
