{
  "placement": {
    "type": "minecraft:random_spread",
    "salt": 37,
    "separation": 30,
    "spacing": 60
  },
  "structures": [
    {
      "structure": "minecraft:ruined_portal",
      "weight": 1
    },
    {
      "structure": "minecraft:ruined_portal_desert",
      "weight": 1
    },
    {
      "structure": "minecraft:ruined_portal_jungle",
      "weight": 1
    },
    {
      "structure": "minecraft:ruined_portal_swamp",
      "weight": 1
    },
    {
      "structure": "minecraft:ruined_portal_nether",
      "weight": 1
    }
  ]
}
