{
  "feature": "simplified:end/dead_tree",
  "placement": [
    {
      "type": "minecraft:rarity_filter",
      "chance": 2
    },
    {
      "type": "minecraft:heightmap",
      "heightmap": "MOTION_BLOCKING"
    },
    {
      "type": "minecraft:block_predicate_filter",
      "predicate": {
        "type": "minecraft:matching_blocks",
        "offset": [0, -1, 0],
        "blocks": [
          "minecraft:blackstone"
        ]
      }
    },
    {
      "type": "minecraft:count",
      "count": {
        "type": "minecraft:uniform",
        "min_inclusive": 2,
        "max_inclusive": 8
      }
    },
    {
      "type": "minecraft:random_offset",
      "xz_spread": {
        "type": "minecraft:uniform",
        "min_inclusive": -12,
        "max_inclusive": 12
      },
      "y_spread": 0
    },
    {
      "type": "minecraft:heightmap",
      "heightmap": "MOTION_BLOCKING"
    },
    {
      "type": "minecraft:biome"
    }
  ]
}
