{
  "type": "minecraft:cache_once",
  "argument": {
    "type": "minecraft:range_choice",
    "input": "minecraft:y",
    "min_inclusive": 48,
    "max_exclusive": 72,
    "when_in_range": {
      "type": "minecraft:range_choice",
      "input": "minecraft:overworld/ridges",
      "min_inclusive": -0.275,
      "max_exclusive": 0.275,
      "when_in_range": {
        "type": "minecraft:range_choice",
        "input": "minecraft:overworld/continents",
        "min_inclusive": 0,
        "max_exclusive": 64,
        "when_in_range": {
          "type": "minecraft:range_choice",
          "input": "minecraft:overworld/erosion",
          "min_inclusive": -64,
          "max_exclusive": -0.35,
          "when_in_range": 1,
          "when_out_of_range": 0
        },
        "when_out_of_range": 0
      },
      "when_out_of_range": 0
    },
    "when_out_of_range": 0
  }
}