{
  "type": "minecraft:interpolated",
  "argument": {
    "type": "minecraft:max",
    "argument1": {
      "type": "minecraft:range_choice",
      "input": "underground_rivers:pillars",
      "max_exclusive": 0.03,
      "min_inclusive": -64,
      "when_in_range": -64,
      "when_out_of_range": "underground_rivers:pillars"
    },
    "argument2": {
      "type": "minecraft:add",
      "argument1": "underground_rivers:noise/density_additive",
      "argument2": {
        "type": "minecraft:mul",
        "argument1": -1,
        "argument2": {
          "type": "minecraft:mul",
          "argument1": {
            "type": "minecraft:mul",
            "argument1": "underground_rivers:spline/continents",
            "argument2": "underground_rivers:spline/erosion"
          },
          "argument2": {
            "type": "minecraft:mul",
            "argument1": "underground_rivers:spline/elevation",
            "argument2": "underground_rivers:spline/ridge"
          }
        }
      }
    }
  }
}