{
  "type": "minecraft:add",
  "argument1": "simplified:overworld/void",
  "argument2": {
    "type": "minecraft:mul",
    "argument1": {
      "type": "minecraft:clamp",
      "input": {
        "type": "minecraft:mul",
        "argument1": -0.05,
        "argument2": {
          "type": "minecraft:add",
          "argument1": -1023,
          "argument2": {
            "type": "simplified:distance",
            "distance_type": "chebyshev",
            "scale_y": 0
          }
        }
      },
      "min": 0,
      "max": 1
    },
    "argument2": {
      "type": "minecraft:add",
      "argument1": {
        "type": "minecraft:mul",
        "argument1": -1,
        "argument2": "simplified:overworld/void"
      },
      "argument2": "simplified:overworld/final"
    }
  }
}
